31353,jup_challenges,
31350,jup_loadout_4,
27453,super_energy_mine_jup,
27255,uav_jup,
27330,cruise_predator_jup,
27334,fuel_airstrike_jup,
27380,specialty_ultra_light_boots_jup,
27383,specialty_custom_gloves_jup,
45945,specialty_scavenger_jup_wz,
45968,specialty_gungho_jup_wz,
45967,specialty_tac_resist_br_jup_wz,
45961,specialty_contract_payout_jup_wz,
27396,specialty_eod_vest_jup,
27087,equip_frag_jup,
27263,equip_concussion_jup,
17203,jup_jp04_sm_umike,
32081,jup_jp36_ar_anov94,
17208,jup_jp13_dm_svictork,
17211,jup_cp24_pi_glima21,
17777,jup_jp23_me_knife,
17210,jup_jp06_lm_pkilop,
17184,jup_jp17_sn_hsierra,
17205,jup_jp16_sh_recho870,
30013,jup_insured_slot_acquisition_1,
30038,jup_insured_slot_weapon_1,
29998,faction_jup_ob_act1,
27291,equip_binoculars_jup,
17736,jup_mp_delta,
29984,jup_mp_delta_skin,
29999,jup_mp_delta_02_skin,
17235,jup_mp_india,
29987,jup_mp_india_skin,
30000,jup_mp_india_02_skin,
17241,jup_mp_charlie,
29982,jup_mp_charlie_skin,
29985,jup_mp_foxtrot_skin,
29838,jup_mp_uniform,
30435,jup_mp_uniform_01_skin,
30001,jup_mp_uniform_02_skin,
27311,equip_blackhole_bomb_jup,
34964,equip_monkey_bomb_jup,
17782,jup_mp_execution_knife_01,
27420,super_ammo_drop_jup,
35572,jup_product_initialitems_sentinel,
22901,jup_umike_rec,
22903,jup_umike_ironsdefault,
22970,jup_acharlie_rec,
22974,jup_acharlie_ironsdefault,
22739,jup_svictork_rec,
22741,jup_svictork_ironsdefault,
23891,jup_ammo_762r,
22356,jup_glima21_rec,
22359,jup_glima21_ironsdefault,
22568,jup_pkilop_rec,
22570,jup_pkilop_ironsdefault,
22860,jup_hsierra_rec,
30825,jup_jp17_sn_hsierra_bolt,
27014,jup_hsierra_scope,
27015,jup_hsierra_bipod,
22818,jup_recho870_rec,
22819,jup_recho870_ironsdefault,
35818,jup_me_knife,
1200,iw9_selectsemi,
3721,ammo_45acp,
3507,ammo_556n,
1934,ammo_50b,
2971,ammo_12g,
30775,jup_anov94_rec,
37195,jup_anov94_ironsdefault,
2239,ammo_545s,
6036,ui_playercard_509,
6120,ui_playercard_561,
6287,ui_playercard_562,
6384,ui_playercard_563,
6412,ui_playercard_560,
6443,ui_playercard_564,
6585,ui_playercard_565,
6939,ui_playercard_559,
35605,jup_playercard_animated_opc_graphicalanimated_05_atlas,
35606,jup_playercard_animated_opc_graphical_01_altas,
39751,jup_playercard_animated_opc_graphicalanimated_06_atlas,
39752,jup_playercard_animated_opc_graphical_06_atlas,
6017,ui_playercard_547,
6037,ui_playercard_538,
6060,ui_playercard_522,
6067,ui_playercard_549,
6084,ui_playercard_520,
6088,ui_playercard_533,
6187,ui_playercard_515,
6188,ui_playercard_529,
6208,ui_playercard_534,
6240,ui_playercard_537,
6246,ui_playercard_550,
6252,ui_playercard_540,
6254,ui_playercard_539,
6358,ui_playercard_513,
6397,ui_playercard_543,
6411,ui_playercard_521,
6416,ui_playercard_523,
6505,ui_playercard_526,
6508,ui_playercard_519,
6511,ui_playercard_511,
6524,ui_playercard_551,
6531,ui_playercard_558,
6973,ui_playercard_525,
6551,ui_playercard_530,
6603,ui_playercard_518,
6604,ui_playercard_553,
6609,ui_playercard_544,
6649,ui_playercard_516,
6650,ui_playercard_527,
6656,ui_playercard_524,
6674,ui_playercard_552,
6705,ui_playercard_536,
6710,ui_playercard_531,
6733,ui_playercard_548,
6763,ui_playercard_557,
6804,ui_playercard_514,
6815,ui_playercard_556,
6820,ui_playercard_510,
6848,ui_playercard_542,
6851,ui_playercard_555,
6852,ui_playercard_546,
6878,ui_playercard_517,
6890,ui_playercard_528,
6901,ui_playercard_532,
6904,ui_playercard_554,
6922,ui_playercard_541,
6951,ui_playercard_535,
6995,ui_playercard_512,
20953,ui_playercard_1182,
9710,ui_emblem_557,
9733,ui_emblem_559,
10007,ui_emblem_558,
10033,ui_emblem_560,
10051,ui_emblem_561,
10082,ui_emblem_556,
10335,ui_emblem_562,
37348,jup_ui_emblem_defaultaccount_04,
37349,jup_ui_emblem_defaultaccount_03,
37350,jup_ui_emblem_femaleoperators_03,
37351,jup_ui_emblem_defaultaccount_01,
9477,ui_emblem_530,
9499,ui_emblem_532,
9529,ui_emblem_547,
9541,ui_emblem_553,
9571,ui_emblem_519,
9608,ui_emblem_508,
9614,ui_emblem_515,
9615,ui_emblem_546,
9617,ui_emblem_536,
9619,ui_emblem_516,
9621,ui_emblem_513,
9642,ui_emblem_524,
9647,ui_emblem_529,
9660,ui_emblem_510,
9677,ui_emblem_534,
9695,ui_emblem_537,
9721,ui_emblem_521,
9754,ui_emblem_523,
9755,ui_emblem_555,
9800,ui_emblem_507,
9801,ui_emblem_517,
9826,ui_emblem_550,
9852,ui_emblem_526,
9862,ui_emblem_535,
9887,ui_emblem_548,
9890,ui_emblem_527,
9901,ui_emblem_544,
9923,ui_emblem_539,
9981,ui_emblem_528,
10000,ui_emblem_533,
10023,ui_emblem_525,
10040,ui_emblem_509,
10058,ui_emblem_506,
10065,ui_emblem_549,
10114,ui_emblem_554,
10137,ui_emblem_545,
10229,ui_emblem_514,
10239,ui_emblem_538,
10279,ui_emblem_511,
10288,ui_emblem_512,
10328,ui_emblem_520,
10356,ui_emblem_531,
10366,ui_emblem_552,
10371,ui_emblem_551,
10382,ui_emblem_518,
10402,ui_emblem_541,
10436,ui_emblem_540,
10437,ui_emblem_543,
9791,ui_emblem_522,
23264,ui_emblem_1219,
39691,jup_product_default_cosmetics_sentinel,
57396,jup_jp32_stock_light,
